USE recipedb;

-- Sample Users
INSERT INTO Users (email, password, name, surname, about_me, profile_img_path, date_registered, role) VALUES
('emily.thompson@example.com', 'pbkdf2_sha256$demo$emily', 'Emily', 'Thompson', 'Seasonal baker sharing approachable sourdough and comfort bakes.', '/static/img/users/emily.jpg', '2023-06-12 09:15:00', 'user'),
('liam.martinez@example.com', 'pbkdf2_sha256$demo$liam', 'Liam', 'Martinez', 'Food truck chef documenting bold street-food flavors.', '/static/img/users/liam.jpg', '2023-07-05 14:22:00', 'user'),
('sophia.cho@example.com', 'pbkdf2_sha256$demo$sophia', 'Sophia', 'Cho', 'Nutritionist focused on balanced Asian-inspired meals.', '/static/img/users/sophia.jpg', '2023-05-20 08:10:00', 'admin'),
('noah.jenkins@example.com', 'pbkdf2_sha256$demo$noah', 'Noah', 'Jenkins', 'Texas-born pitmaster tinkering with plant-forward BBQ.', '/static/img/users/noah.jpg', '2023-07-18 10:45:00', 'user'),
('ava.patel@example.com', 'pbkdf2_sha256$demo$ava', 'Ava', 'Patel', 'Product designer sharing quick vegetarian lunches.', '/static/img/users/ava.jpg', '2023-08-02 16:00:00', 'user'),
('mason.lee@example.com', 'pbkdf2_sha256$demo$mason', 'Mason', 'Lee', 'Brunch enthusiast and former barista chasing fluffy pancakes.', '/static/img/users/mason.jpg', '2023-08-28 07:55:00', 'user'),
('isabella.russo@example.com', 'pbkdf2_sha256$demo$isabella', 'Isabella', 'Russo', 'Italian expat modernizing nonna''s pasta staples.', '/static/img/users/isabella.jpg', '2023-06-30 11:40:00', 'user'),
('logan.davis@example.com', 'pbkdf2_sha256$demo$logan', 'Logan', 'Davis', 'Busy dad sharing dependable sheet-pan dinners.', '/static/img/users/logan.jpg', '2023-07-22 13:30:00', 'user'),
('mia.quinn@example.com', 'pbkdf2_sha256$demo$mia', 'Mia', 'Quinn', 'Zero-waste advocate reinventing leftovers and pantry finds.', '/static/img/users/mia.jpg', '2023-05-14 09:00:00', 'user'),
('ethan.hughes@example.com', 'pbkdf2_sha256$demo$ethan', 'Ethan', 'Hughes', 'Urban gardener pairing homegrown veggies with global sauces.', '/static/img/users/ethan.jpg', '2023-09-10 18:05:00', 'user'),
('harper.nelson@example.com', 'pbkdf2_sha256$demo$harper', 'Harper', 'Nelson', 'Host of Sunday graze boards and cocktail hours.', '/static/img/users/harper.jpg', '2023-07-11 12:20:00', 'user'),
('elijah.ward@example.com', 'pbkdf2_sha256$demo$elijah', 'Elijah', 'Ward', 'Vegetarian athlete meal-prepping protein-packed plates.', '/static/img/users/elijah.jpg', '2023-08-18 15:10:00', 'user'),
('charlotte.baker@example.com', 'pbkdf2_sha256$demo$charlotte', 'Charlotte', 'Baker', 'Ex-pastry chef tinkering with cozy weeknight pastas.', '/static/img/users/charlotte.jpg', '2023-04-24 09:35:00', 'user'),
('lucas.kim@example.com', 'pbkdf2_sha256$demo$lucas', 'Lucas', 'Kim', 'Sommelier matching wine-friendly salads and mains.', '/static/img/users/lucas.jpg', '2023-06-02 17:18:00', 'user'),
('amelia.garcia@example.com', 'pbkdf2_sha256$demo$amelia', 'Amelia', 'Garcia', 'Latina slow-cooker expert making crowd-friendly feasts.', '/static/img/users/amelia.jpg', '2023-05-01 10:42:00', 'admin'),
('benjamin.price@example.com', 'pbkdf2_sha256$demo$benjamin', 'Benjamin', 'Price', 'Corporate chef sharing vegetarian mains with flair.', '/static/img/users/benjamin.jpg', '2023-08-08 08:55:00', 'user'),
('evelyn.brooks@example.com', 'pbkdf2_sha256$demo$evelyn', 'Evelyn', 'Brooks', 'Travel journalist chronicling spice routes at home.', '/static/img/users/evelyn.jpg', '2023-09-01 07:40:00', 'user'),
('daniel.murphy@example.com', 'pbkdf2_sha256$demo$daniel', 'Daniel', 'Murphy', 'Butcher-turned-home-cook grilling smarter weeknights.', '/static/img/users/daniel.jpg', '2023-07-09 14:10:00', 'user'),
('aria.cooper@example.com', 'pbkdf2_sha256$demo$aria', 'Aria', 'Cooper', 'Seafood stylist chasing bright Mediterranean plates.', '/static/img/users/aria.jpg', '2023-06-26 13:05:00', 'user'),
('michael.robinson@example.com', 'pbkdf2_sha256$demo$michael', 'Michael', 'Robinson', 'Dietitian building make-ahead breakfasts for clients.', '/static/img/users/michael.jpg', '2023-08-31 06:15:00', 'user'),
('lily.evans@example.com', 'pbkdf2_sha256$demo$lily', 'Lily', 'Evans', 'Pop-up chef inspired by Korean American comfort food.', '/static/img/users/lily.jpg', '2023-05-19 19:30:00', 'user'),
('jackson.nguyen@example.com', 'pbkdf2_sha256$demo$jackson', 'Jackson', 'Nguyen', 'Food photographer developing minimal dessert plates.', '/static/img/users/jackson.jpg', '2023-09-05 11:25:00', 'user'),
('scarlett.king@example.com', 'pbkdf2_sha256$demo$scarlett', 'Scarlett', 'King', 'Holistic coach sharing colorful lunch bowls.', '/static/img/users/scarlett.jpg', '2023-08-13 17:50:00', 'user'),
('oliver.scott@example.com', 'pbkdf2_sha256$demo$oliver', 'Oliver', 'Scott', 'Coffee roaster obsessed with savory cacao pairings.', '/static/img/users/oliver.jpg', '2023-06-08 08:48:00', 'user');

-- Sample follower relationships
INSERT INTO Followers (user_id, follower_id, date_followed) VALUES
(1, 2, '2023-07-10 09:00:00'),
(1, 3, '2023-07-12 08:44:00'),
(2, 1, '2023-07-15 13:03:00'),
(2, 5, '2023-08-01 11:20:00'),
(3, 1, '2023-06-02 14:55:00'),
(3, 4, '2023-06-18 07:32:00'),
(4, 6, '2023-08-08 18:21:00'),
(5, 1, '2023-06-25 09:42:00'),
(5, 7, '2023-07-03 15:10:00'),
(6, 2, '2023-08-22 16:17:00'),
(6, 8, '2023-09-01 12:48:00'),
(7, 3, '2023-07-14 10:07:00'),
(7, 9, '2023-08-17 08:29:00'),
(8, 1, '2023-07-20 21:05:00'),
(8, 10, '2023-08-05 13:37:00'),
(9, 5, '2023-05-30 07:44:00'),
(9, 11, '2023-06-26 12:20:00'),
(10, 3, '2023-06-11 14:33:00'),
(10, 12, '2023-07-29 09:56:00'),
(11, 8, '2023-08-03 10:15:00'),
(11, 13, '2023-09-09 17:48:00'),
(12, 4, '2023-06-19 07:23:00'),
(12, 14, '2023-07-07 20:30:00'),
(13, 5, '2023-06-15 15:58:00'),
(13, 15, '2023-07-22 18:06:00'),
(14, 6, '2023-05-28 08:45:00'),
(14, 16, '2023-08-16 12:50:00'),
(15, 7, '2023-05-31 11:11:00'),
(15, 17, '2023-06-27 19:02:00'),
(16, 8, '2023-07-02 09:34:00'),
(16, 18, '2023-08-11 14:20:00'),
(17, 9, '2023-06-24 13:33:00'),
(17, 19, '2023-07-30 16:41:00'),
(18, 10, '2023-07-04 08:26:00'),
(18, 20, '2023-08-10 18:05:00'),
(19, 11, '2023-07-09 07:51:00'),
(19, 21, '2023-09-02 12:44:00'),
(20, 12, '2023-07-17 10:24:00'),
(20, 22, '2023-09-03 09:10:00'),
(21, 13, '2023-08-06 14:35:00'),
(21, 23, '2023-09-08 20:12:00'),
(22, 14, '2023-08-01 11:58:00'),
(22, 24, '2023-09-04 07:19:00'),
(23, 15, '2023-07-06 13:46:00'),
(23, 1, '2023-07-28 17:55:00'),
(24, 2, '2023-07-01 12:02:00'),
(24, 3, '2023-08-09 15:25:00');

-- Sample recipes
INSERT INTO Recipes (title, author_id, category, rating, difficulty, cover_img_path, prepare_time, calories, protein, carbs, fats, sugar, fiber, procedure_description, date_posted) VALUES
('Farmhouse Sourdough Loaf', 1, 'Baking', 4.85, 'Intermediate', '/static/img/recipes/sourdough.jpg', 180, 210.00, 7.50, 42.00, 1.50, 0.80, 2.20, 'Feed the starter overnight, mix high-hydration dough in the morning, and bake in a preheated Dutch oven for a blistered crust.', '2023-08-15 08:05:00'),
('Chipotle Sweet Potato Tacos', 2, 'Dinner', 4.60, 'Easy', '/static/img/recipes/chipotle_tacos.jpg', 35, 380.00, 9.00, 54.00, 14.00, 9.50, 8.00, 'Roast sweet potato wedges with chipotle adobo, tuck into charred tortillas, and finish with crunchy slaw and lime crema.', '2023-08-20 17:42:00'),
('Ginger Miso Salmon Bowls', 3, 'Dinner', 4.72, 'Medium', '/static/img/recipes/miso_salmon.jpg', 40, 520.00, 36.00, 48.00, 20.00, 11.00, 6.50, 'Marinate salmon in ginger miso glaze, roast until caramelized, and assemble bowls with quinoa, cucumbers, and pickled radish.', '2023-07-05 12:18:00'),
('Smoky Black Bean Chili', 4, 'Soup & Stew', 4.41, 'Easy', '/static/img/recipes/blackbean_chili.jpg', 55, 410.00, 19.00, 58.00, 11.00, 8.50, 16.00, 'Bloom ancho and chipotle powder with aromatics, simmer black beans and tomatoes, and finish with dark chocolate for depth.', '2023-09-03 19:10:00'),
('Coconut Turmeric Lentil Soup', 5, 'Soup & Stew', 4.78, 'Easy', '/static/img/recipes/turmeric_lentil.jpg', 45, 360.00, 17.00, 49.00, 12.00, 6.00, 10.00, 'Toast spices in coconut oil, add red lentils and broth, and finish with coconut milk and lime for a vibrant bowl.', '2023-08-08 11:45:00'),
('Lemon Ricotta Pancakes', 6, 'Breakfast', 4.53, 'Easy', '/static/img/recipes/ricotta_pancakes.jpg', 25, 430.00, 13.00, 52.00, 18.00, 15.00, 2.80, 'Fold whipped egg whites into lemony batter, cook until golden, and top with macerated berries and honey butter.', '2023-07-29 09:20:00'),
('Roasted Tomato Basil Pasta', 7, 'Dinner', 4.69, 'Easy', '/static/img/recipes/tomato_basil_pasta.jpg', 30, 510.00, 16.00, 62.00, 18.00, 8.20, 5.60, 'Slow-roast cherry tomatoes with garlic, toss with al dente pasta, basil pesto, and shards of ricotta salata.', '2023-07-18 18:12:00'),
('Sheet-Pan Herb Chicken', 8, 'Dinner', 4.44, 'Easy', '/static/img/recipes/herb_chicken.jpg', 50, 570.00, 42.00, 28.00, 28.00, 4.50, 4.20, 'Marinate chicken thighs in mustard herbs, roast alongside potatoes and asparagus for a full tray supper.', '2023-08-25 17:30:00'),
('Hearty Lentil Shepherd''s Pie', 9, 'Comfort', 4.58, 'Medium', '/static/img/recipes/lentil_shepherds_pie.jpg', 75, 480.00, 22.00, 65.00, 14.00, 7.10, 11.50, 'Layer garlicky lentils with carrots, crown with parsnip mash, and bake until bubbling and crisped on top.', '2023-06-22 16:05:00'),
('Maple Soy Glazed Tofu', 10, 'Dinner', 4.32, 'Easy', '/static/img/recipes/maple_tofu.jpg', 35, 390.00, 24.00, 33.00, 18.00, 12.60, 4.30, 'Pan-crisp tofu, lacquer with maple soy glaze, and serve over sesame rice with blistered broccolini.', '2023-09-01 13:58:00'),
('Mediterranean Mezze Board', 11, 'Appetizer', 4.80, 'Easy', '/static/img/recipes/mezze_board.jpg', 45, 620.00, 21.00, 55.00, 34.00, 10.50, 9.70, 'Arrange whipped feta, roasted garlic hummus, and marinated veggies with warm pita for a graze-ready spread.', '2023-06-27 18:50:00'),
('Pesto Caprese Portobellos', 12, 'Dinner', 4.45, 'Easy', '/static/img/recipes/pesto_portobello.jpg', 30, 350.00, 16.00, 21.00, 22.00, 7.20, 3.90, 'Stuff portobellos with pesto quinoa, top with tomatoes and mozzarella, and broil until melty.', '2023-08-11 12:00:00'),
('Creamy Tuscan Gnocchi', 13, 'Dinner', 4.66, 'Medium', '/static/img/recipes/tuscan_gnocchi.jpg', 35, 560.00, 18.00, 64.00, 22.00, 6.30, 5.10, 'Brown gnocchi in butter, simmer with sun-dried tomatoes, spinach, and parmesan cream sauce.', '2023-05-25 19:27:00'),
('Grilled Peach Burrata Salad', 14, 'Salad', 4.51, 'Easy', '/static/img/recipes/peach_burrata.jpg', 20, 320.00, 11.00, 28.00, 18.00, 15.00, 3.20, 'Char peaches, layer with burrata, prosciutto, and arugula, and drizzle balsamic honey.', '2023-07-07 12:40:00'),
('Slow Cooker Beef Barbacoa', 15, 'Dinner', 4.75, 'Easy', '/static/img/recipes/beef_barbacoa.jpg', 480, 640.00, 46.00, 18.00, 42.00, 5.20, 3.80, 'Sear beef chuck, braise low and slow with chilies, and shred for tacos with fresh radish salsa.', '2023-08-30 06:15:00'),
('Harissa Roasted Cauliflower Steaks', 16, 'Dinner', 4.38, 'Medium', '/static/img/recipes/harissa_cauliflower.jpg', 40, 300.00, 9.00, 27.00, 17.00, 6.40, 7.80, 'Slather cauliflower slabs with harissa yogurt, roast until charred, and garnish with mint chimichurri.', '2023-09-06 18:02:00'),
('Smoky Turmeric Rice Pilaf', 17, 'Side', 4.47, 'Easy', '/static/img/recipes/turmeric_pilaf.jpg', 30, 260.00, 6.00, 42.00, 8.00, 2.30, 3.50, 'Toast basmati in ghee with turmeric, add smoked paprika broth, and steam with peas and almonds.', '2023-06-10 13:33:00'),
('Balsamic Fig Pork Tenderloin', 18, 'Dinner', 4.68, 'Medium', '/static/img/recipes/fig_pork.jpg', 50, 520.00, 38.00, 32.00, 24.00, 9.40, 3.40, 'Sear pork tenderloin, roast with fig balsamic glaze, and serve with rosemary potatoes.', '2023-09-04 19:11:00'),
('Weeknight Shrimp Scampi', 19, 'Dinner', 4.56, 'Easy', '/static/img/recipes/shrimp_scampi.jpg', 25, 430.00, 28.00, 45.00, 15.00, 3.90, 2.10, 'Sauté garlic in butter, flash-cook shrimp with lemon wine sauce, and toss with linguine.', '2023-07-31 17:18:00'),
('Pumpkin Spice Overnight Oats', 20, 'Breakfast', 4.30, 'Easy', '/static/img/recipes/pumpkin_oats.jpg', 10, 310.00, 12.00, 42.00, 11.00, 13.00, 7.90, 'Stir oats with pumpkin puree, yogurt, chia, and warm spices for ready-to-go jars.', '2023-09-02 21:10:00'),
('Gochujang Glazed Meatballs', 21, 'Dinner', 4.64, 'Medium', '/static/img/recipes/gochujang_meatballs.jpg', 45, 560.00, 32.00, 48.00, 24.00, 10.60, 3.70, 'Bake juicy pork meatballs, glaze with sticky gochujang sauce, and serve over rice with pickled cucumbers.', '2023-08-23 18:44:00'),
('Dark Chocolate Chia Parfait', 22, 'Dessert', 4.29, 'Easy', '/static/img/recipes/chia_parfait.jpg', 15, 290.00, 9.00, 34.00, 14.00, 12.00, 9.10, 'Whisk cacao chia pudding, layer with cherries and espresso whipped cream for a make-ahead dessert.', '2023-07-16 20:36:00'),
('Citrus Herb Quinoa Salad', 23, 'Salad', 4.52, 'Easy', '/static/img/recipes/citrus_quinoa.jpg', 25, 330.00, 11.00, 46.00, 11.00, 9.70, 6.40, 'Toss fluffy quinoa with grapefruit, fennel, avocado, and a dill citrus vinaigrette.', '2023-06-14 11:22:00'),
('Smoky Espresso BBQ Tempeh', 24, 'Dinner', 4.35, 'Medium', '/static/img/recipes/espresso_tempeh.jpg', 35, 370.00, 22.00, 33.00, 16.00, 8.10, 5.50, 'Crisp tempeh triangles, baste with espresso-molasses BBQ sauce, and pile onto charred cabbage slaw.', '2023-07-25 15:07:00');

-- Sample ratings
INSERT INTO Ratings (recipe_id, user_id, date_posted, comment) VALUES
(1, 2, '2023-08-16 09:12:00', 'Loved the crispy crust directions—turned out bakery quality.'),
(1, 5, '2023-08-18 14:40:00', 'Fermentation schedule was easy to follow even on a workday.'),
(2, 7, '2023-08-22 19:04:00', 'Chipotle heat is perfect and the slaw adds a great crunch.'),
(3, 8, '2023-07-07 12:30:00', 'Marinade caramelized beautifully and the bowls felt restaurant ready.'),
(4, 3, '2023-09-04 20:10:00', 'Added roasted corn per suggestion and it was hearty without meat.'),
(5, 10, '2023-08-10 10:05:00', 'Comforting spice with coconut sweetness—great meal prep option.'),
(6, 11, '2023-07-30 09:58:00', 'These pancakes are cloud-level soft, family requested them twice.'),
(7, 15, '2023-07-20 19:22:00', 'Slow-roasted tomatoes made the sauce super jammy and rich.'),
(8, 4, '2023-08-26 18:12:00', 'Tray dinner saved me on a busy night, potatoes crisped nicely.'),
(9, 12, '2023-06-24 17:04:00', 'Perfect meatless comfort dish and reheats like a dream.'),
(10, 1, '2023-09-02 14:01:00', 'The maple glaze sticks so well; I subbed soba noodles and loved it.'),
(11, 6, '2023-06-29 21:55:00', 'Grazing board instructions helped me nail ratios for a party.'),
(12, 13, '2023-08-12 13:33:00', 'Great vegetarian main—broiled cheese gets bubbly fast.'),
(13, 21, '2023-05-27 20:11:00', 'Cream sauce coats every gnocchi; definitely add extra spinach.'),
(14, 9, '2023-07-08 12:50:00', 'Peaches plus burrata are a summer staple now.'),
(15, 18, '2023-09-05 07:18:00', 'Barbacoa came out shreddable with minimal effort.'),
(16, 20, '2023-09-07 18:32:00', 'Harissa kick is bold but balanced by the mint.'),
(17, 14, '2023-06-12 09:44:00', 'Nice side dish—almonds add good texture.'),
(18, 22, '2023-09-06 21:15:00', 'Fig glaze felt fancy enough for guests.'),
(19, 24, '2023-08-01 18:05:00', 'Fast scampi, sauce clings perfectly to pasta.'),
(20, 3, '2023-09-03 08:05:00', 'Grab-and-go jars kept me full during a travel week.'),
(21, 16, '2023-08-24 20:06:00', 'Sticky glaze is addictive; I doubled the batch.'),
(22, 19, '2023-07-18 21:25:00', 'Chocolate breakfast dream that still feels light.'),
(23, 4, '2023-06-16 13:40:00', 'Loved the citrus and dill combo—super refreshing.'),
(24, 7, '2023-07-27 16:21:00', 'Espresso BBQ sauce was totally new to me and delicious.');

-- Sample likes
INSERT INTO Likes (recipe_id, user_id, date_liked) VALUES
(1, 3, '2023-08-16 08:30:00'),
(1, 4, '2023-08-17 09:12:00'),
(2, 1, '2023-08-21 12:07:00'),
(2, 6, '2023-08-22 19:05:00'),
(3, 5, '2023-07-06 11:58:00'),
(3, 9, '2023-07-07 13:05:00'),
(4, 2, '2023-09-03 20:33:00'),
(4, 11, '2023-09-04 09:18:00'),
(5, 8, '2023-08-09 11:41:00'),
(5, 12, '2023-08-10 08:59:00'),
(6, 13, '2023-07-30 09:12:00'),
(6, 14, '2023-07-30 10:05:00'),
(7, 10, '2023-07-19 18:04:00'),
(7, 20, '2023-07-21 21:08:00'),
(8, 9, '2023-08-25 18:44:00'),
(8, 15, '2023-08-26 07:52:00'),
(9, 1, '2023-06-24 16:20:00'),
(9, 7, '2023-06-25 12:45:00'),
(10, 2, '2023-09-01 14:30:00'),
(10, 11, '2023-09-02 11:18:00'),
(11, 4, '2023-06-28 08:56:00'),
(11, 16, '2023-06-29 22:05:00'),
(12, 3, '2023-08-11 12:05:00'),
(12, 5, '2023-08-11 12:55:00'),
(13, 6, '2023-05-26 20:08:00'),
(13, 24, '2023-05-28 10:12:00'),
(14, 18, '2023-07-07 13:15:00'),
(14, 19, '2023-07-08 09:40:00'),
(15, 9, '2023-08-30 07:10:00'),
(15, 21, '2023-08-31 08:36:00'),
(16, 17, '2023-09-06 18:05:00'),
(16, 22, '2023-09-06 19:12:00'),
(17, 8, '2023-06-10 15:12:00'),
(17, 23, '2023-06-11 09:25:00'),
(18, 14, '2023-09-04 19:40:00'),
(18, 6, '2023-09-05 06:55:00'),
(19, 5, '2023-07-31 17:40:00'),
(19, 13, '2023-07-31 18:02:00'),
(20, 15, '2023-09-02 21:30:00'),
(20, 18, '2023-09-03 07:55:00'),
(21, 2, '2023-08-24 18:20:00'),
(21, 10, '2023-08-24 18:55:00'),
(22, 1, '2023-07-16 20:50:00'),
(22, 17, '2023-07-17 07:03:00'),
(23, 4, '2023-06-14 12:00:00'),
(23, 20, '2023-06-15 09:10:00'),
(24, 7, '2023-07-25 15:30:00'),
(24, 9, '2023-07-25 16:05:00');

-- Sample ingredients
INSERT INTO Ingredients (recipe_id, ingredient) VALUES
(1, 'Bread flour'),
(1, 'Active sourdough starter'),
(1, 'Sea salt'),
(1, 'Filtered water'),
(1, 'Rice flour for dusting'),
(2, 'Sweet potatoes'),
(2, 'Chipotle peppers in adobo'),
(2, 'Red cabbage slaw'),
(2, 'Corn tortillas'),
(2, 'Lime crema'),
(3, 'Salmon fillets'),
(3, 'White miso paste'),
(3, 'Fresh ginger'),
(3, 'Tri-color quinoa'),
(3, 'Pickled radish'),
(4, 'Black beans'),
(4, 'Crushed tomatoes'),
(4, 'Smoked paprika'),
(4, 'Ancho chili powder'),
(4, 'Dark chocolate square'),
(5, 'Red lentils'),
(5, 'Coconut milk'),
(5, 'Turmeric'),
(5, 'Vegetable broth'),
(5, 'Baby spinach'),
(6, 'Ricotta cheese'),
(6, 'Lemon zest'),
(6, 'All-purpose flour'),
(6, 'Egg whites'),
(6, 'Fresh berries'),
(7, 'Cherry tomatoes'),
(7, 'Garlic cloves'),
(7, 'Basil pesto'),
(7, 'Spaghetti'),
(7, 'Ricotta salata'),
(8, 'Chicken thighs'),
(8, 'Baby potatoes'),
(8, 'Dijon mustard'),
(8, 'Thyme sprigs'),
(8, 'Asparagus spears'),
(9, 'Brown lentils'),
(9, 'Carrots'),
(9, 'Parsnips'),
(9, 'Vegetable stock'),
(9, 'Thyme'),
(10, 'Extra firm tofu'),
(10, 'Maple syrup'),
(10, 'Soy sauce'),
(10, 'Sesame oil'),
(10, 'Broccolini'),
(11, 'Pita bread'),
(11, 'Whipped feta'),
(11, 'Roasted red peppers'),
(11, 'Cucumber ribbons'),
(11, 'Olives'),
(12, 'Portobello caps'),
(12, 'Cooked quinoa'),
(12, 'Basil pesto'),
(12, 'Cherry tomatoes'),
(12, 'Fresh mozzarella'),
(13, 'Potato gnocchi'),
(13, 'Sun-dried tomatoes'),
(13, 'Spinach'),
(13, 'Parmesan'),
(13, 'Heavy cream'),
(14, 'Yellow peaches'),
(14, 'Burrata'),
(14, 'Prosciutto'),
(14, 'Arugula'),
(14, 'Balsamic honey'),
(15, 'Beef chuck roast'),
(15, 'Guajillo chiles'),
(15, 'Apple cider vinegar'),
(15, 'Beef broth'),
(15, 'Bay leaves'),
(16, 'Cauliflower steaks'),
(16, 'Harissa paste'),
(16, 'Greek yogurt'),
(16, 'Fresh mint'),
(16, 'Pistachios'),
(17, 'Basmati rice'),
(17, 'Turmeric'),
(17, 'Green peas'),
(17, 'Toasted almonds'),
(17, 'Vegetable broth'),
(18, 'Pork tenderloin'),
(18, 'Fig preserves'),
(18, 'Balsamic vinegar'),
(18, 'Rosemary'),
(18, 'Fingerling potatoes'),
(19, 'Shrimp'),
(19, 'Garlic'),
(19, 'Lemon juice'),
(19, 'Butter'),
(19, 'Linguine'),
(20, 'Rolled oats'),
(20, 'Pumpkin puree'),
(20, 'Chia seeds'),
(20, 'Maple syrup'),
(20, 'Greek yogurt'),
(21, 'Ground pork'),
(21, 'Gochujang'),
(21, 'Scallions'),
(21, 'Breadcrumbs'),
(21, 'Sesame seeds'),
(22, 'Chia seeds'),
(22, 'Cocoa powder'),
(22, 'Coconut milk'),
(22, 'Fresh cherries'),
(22, 'Espresso whipped cream'),
(23, 'Quinoa'),
(23, 'Grapefruit segments'),
(23, 'Shaved fennel'),
(23, 'Avocado'),
(23, 'Dill vinaigrette'),
(24, 'Tempeh'),
(24, 'Espresso'),
(24, 'Molasses'),
(24, 'Smoked paprika'),
(24, 'Red cabbage slaw');

-- Sample tags
INSERT INTO Tags (recipe_id, tag_name) VALUES
(1, 'artisan bread'),
(1, 'make ahead'),
(1, 'vegetarian'),
(2, 'taco tuesday'),
(2, 'sheet pan'),
(2, 'spicy'),
(3, 'pescatarian'),
(3, 'meal prep'),
(3, 'gluten friendly'),
(4, 'one pot'),
(4, 'high fiber'),
(4, 'budget'),
(5, 'dairy free'),
(5, 'immune boost'),
(5, 'weeknight'),
(6, 'brunch'),
(6, 'kid friendly'),
(6, 'crowd pleaser'),
(7, '20 minute'),
(7, 'pantry'),
(7, 'comfort food'),
(8, 'family dinner'),
(8, 'protein packed'),
(8, 'gluten free'),
(9, 'freezer friendly'),
(9, 'vegetarian'),
(9, 'holiday'),
(10, 'tofu lover'),
(10, 'sweet savory'),
(10, 'quick dinner'),
(11, 'party'),
(11, 'mezze'),
(11, 'no cook'),
(12, 'grill option'),
(12, 'low carb'),
(12, 'vegetarian main'),
(13, 'creamy'),
(13, 'date night'),
(13, '30 minute'),
(14, 'summer'),
(14, 'no oven'),
(14, 'shareable'),
(15, 'slow cooker'),
(15, 'meal prep'),
(15, 'taco night'),
(16, 'plant based'),
(16, 'spicy'),
(16, 'sheet pan'),
(17, 'side dish'),
(17, 'picnic'),
(17, 'gluten free'),
(18, 'sunday supper'),
(18, 'company worthy'),
(18, 'cast iron'),
(19, 'seafood'),
(19, 'fast'),
(19, 'lemony'),
(20, 'breakfast'),
(20, 'grab and go'),
(20, 'high fiber'),
(21, 'korean'),
(21, 'game day'),
(21, 'sticky glaze'),
(22, 'dessert'),
(22, 'prep ahead'),
(22, 'chocolate'),
(23, 'salad'),
(23, 'fresh'),
(23, 'citrus'),
(24, 'vegan'),
(24, 'bbq'),
(24, 'high protein');
